{"indices": [0, 1, 2, 0, 2, 3, 4, 5, 6, 4, 6, 7, 8, 9, 10, 8, 10, 11, 12, 13, 14, 12, 14, 15, 16, 17, 18, 16, 18, 19, 20, 21, 22, 20, 22, 23, 24, 25, 26, 24, 26, 27, 28, 29, 30, 28, 30, 31, 32, 33, 34, 32, 34, 35, 36, 37, 38, 36, 38, 39, 40, 41, 42, 40, 42, 43, 44, 45, 46, 44, 46, 47, 48, 49, 50, 48, 50, 51, 52, 53, 54, 52, 54, 55, 56, 57, 58, 56, 58, 59, 60, 61, 62, 60, 62, 63, 64, 65, 66, 64, 66, 67, 68, 69, 70, 68, 70, 71, 72, 73, 74, 72, 74, 75, 76, 77, 78, 76, 78, 79, 80, 81, 82, 80, 82, 83, 84, 85, 86, 84, 86, 87, 88, 89, 90, 88, 90, 91, 92, 93, 94, 92, 94, 95], "colors": [0, 0, 0, 0, 0, 0, 0, 0, 0, 0, 0, 0, 0, 0, 0, 0, 0, 0, 0, 0, 0, 0, 0, 0, 0, 0, 0, 0, 0, 0, 0, 0, 0, 0, 0, 0, 0, 0, 0, 0, 0, 0, 0, 0, 0, 0, 0, 0, 0, 0, 0, 0, 0, 0, 0, 0, 0, 0, 0, 0, 0, 0, 0, 0, 0, 0, 0, 0, 0, 0, 0, 0, 0, 0, 0, 0, 0, 0, 0, 0, 0, 0, 0, 0, 0, 0, 0, 0, 0, 0, 0, 0, 0, 0, 0, 0, 0, 0, 0, 0, 0, 0, 0, 0, 0, 0, 0, 0, 0, 0, 0, 0, 0, 0, 0, 0, 0, 0, 0, 0, 0, 0, 0, 0, 0, 0, 0, 0, 0, 0, 0, 0, 0, 0, 0, 0, 0, 0, 0, 0, 0, 0, 0, 0, 0, 0, 0, 0, 0, 0, 0, 0, 0, 0, 0, 0, 0, 0, 0, 0, 0, 0, 0, 0, 0, 0, 0, 0, 0, 0, 0, 0, 0, 0, 0, 0, 0, 0, 0, 0, 0, 0, 0, 0, 0, 0, 0, 0, 0, 0, 0, 0, 0, 0, 0, 0, 0, 0, 0, 0, 0, 0, 0, 0, 0, 0, 0, 0, 0, 0, 0, 0, 0, 0, 0, 0, 0, 0, 0, 0, 0, 0, 0, 0, 0, 0, 0, 0, 0, 0, 0, 0, 0, 0, 0, 0, 0, 0, 0, 0, 0, 0, 0, 0, 0, 0, 0, 0, 0, 0, 0, 0, 0, 0, 0, 0, 0, 0, 0, 0, 0, 0, 0, 0, 0, 0, 0, 0, 0, 0, 0, 0, 0, 0, 0, 0, 0, 0, 0, 0, 0, 0, 0, 0, 0, 0, 0, 0], "normals": ["1.00000", "0.00000", "0.00000", "1.00000", "0.00000", "0.00000", "1.00000", "0.00000", "0.00000", "1.00000", "0.00000", "0.00000", "1.00000", "0.00000", "0.00000", "1.00000", "0.00000", "0.00000", "1.00000", "0.00000", "0.00000", "1.00000", "0.00000", "0.00000", "1.00000", "0.00000", "0.00000", "1.00000", "0.00000", "0.00000", "1.00000", "0.00000", "0.00000", "1.00000", "0.00000", "0.00000", "1.00000", "0.00000", "0.00000", "1.00000", "0.00000", "0.00000", "1.00000", "0.00000", "0.00000", "1.00000", "0.00000", "0.00000", "1.00000", "0.00000", "0.00000", "1.00000", "0.00000", "0.00000", "1.00000", "0.00000", "0.00000", "1.00000", "0.00000", "0.00000", "1.00000", "0.00000", "0.00000", "1.00000", "0.00000", "0.00000", "1.00000", "0.00000", "0.00000", "1.00000", "0.00000", "0.00000", "-0.00000", "-0.00000", "1.00000", "-0.00000", "0.50000", "0.86603", "-0.00000", "0.50000", "0.86603", "-0.00000", "-0.00000", "1.00000", "-0.00000", "0.50000", "0.86603", "-0.00000", "0.86603", "0.50000", "-0.00000", "0.86603", "0.50000", "-0.00000", "0.50000", "0.86603", "-0.00000", "0.86603", "0.50000", "-0.00000", "1.00000", "-0.00000", "-0.00000", "1.00000", "-0.00000", "-0.00000", "0.86603", "0.50000", "-0.00000", "1.00000", "-0.00000", "0.00000", "0.86603", "-0.50000", "0.00000", "0.86603", "-0.50000", "-0.00000", "1.00000", "-0.00000", "0.00000", "0.86603", "-0.50000", "0.00000", "0.50000", "-0.86603", "0.00000", "0.50000", "-0.86603", "0.00000", "0.86603", "-0.50000", "0.00000", "0.50000", "-0.86603", "0.00000", "0.00000", "-1.00000", "0.00000", "0.00000", "-1.00000", "0.00000", "0.50000", "-0.86603", "0.00000", "0.00000", "-1.00000", "0.00000", "-0.50000", "-0.86603", "0.00000", "-0.50000", "-0.86603", "0.00000", "0.00000", "-1.00000", "0.00000", "-0.50000", "-0.86603", "0.00000", "-0.86603", "-0.50000", "0.00000", "-0.86603", "-0.50000", "0.00000", "-0.50000", "-0.86603", "0.00000", "-0.86603", "-0.50000", "0.00000", "-1.00000", "-0.00000", "0.00000", "-1.00000", "-0.00000", "0.00000", "-0.86603", "-0.50000", "0.00000", "-1.00000", "-0.00000", "-0.00000", "-0.86603", "0.50000", "-0.00000", "-0.86603", "0.50000", "0.00000", "-1.00000", "-0.00000", "-0.00000", "-0.86603", "0.50000", "-0.00000", "-0.50000", "0.86603", "-0.00000", "-0.50000", "0.86603", "-0.00000", "-0.86603", "0.50000", "-0.00000", "-0.50000", "0.86603", "-0.00000", "-0.00000", "1.00000", "-0.00000", "-0.00000", "1.00000", "-0.00000", "-0.50000", "0.86603", "-1.00000", "-0.00000", "-0.00000", "-1.00000", "-0.00000", "-0.00000", "-1.00000", "-0.00000", "-0.00000", "-1.00000", "-0.00000", "-0.00000", "-1.00000", "-0.00000", "-0.00000", "-1.00000", "-0.00000", "-0.00000", "-1.00000", "-0.00000", "-0.00000", "-1.00000", "-0.00000", "-0.00000", "-1.00000", "-0.00000", "-0.00000", "-1.00000", "-0.00000", "-0.00000", "-1.00000", "-0.00000", "-0.00000", "-1.00000", "-0.00000", "-0.00000", "-1.00000", "-0.00000", "-0.00000", "-1.00000", "-0.00000", "-0.00000", "-1.00000", "-0.00000", "-0.00000", "-1.00000", "-0.00000", "-0.00000", "-1.00000", "-0.00000", "-0.00000", "-1.00000", "-0.00000", "-0.00000", "-1.00000", "-0.00000", "-0.00000", "-1.00000", "-0.00000", "-0.00000", "-1.00000", "-0.00000", "-0.00000", "-1.00000", "-0.00000", "-0.00000", "-1.00000", "-0.00000", "-0.00000", "-1.00000", "-0.00000", "-0.00000"],