{"indices": [0, 1, 2, 3, 4, 5, 6, 7, 8, 9, 10, 11, 9, 11, 12, 13, 14, 15, 13, 15, 16, 17, 18, 19, 17, 19, 20, 21, 22, 23, 24, 25, 26, 27, 28, 29], "colors": [0, 0, 0, 0, 0, 0, 0, 0, 0, 0, 0, 0, 0, 0, 0, 0, 0, 0, 0, 0, 0, 0, 0, 0, 0, 0, 0, 0, 0, 0, 0, 0, 0, 0, 0, 0, 0, 0, 0, 0, 0, 0, 0, 0, 0, 0, 0, 0, 0, 0, 0, 0, 0, 0, 0, 0, 0, 0, 0, 0, 0, 0, 0, 0, 0, 0, 0, 0, 0, 0, 0, 0], "normals": ["-1.00000", "-0.00000", "-0.00000", "-1.00000", "-0.00000", "-0.00000", "-1.00000", "-0.00000", "-0.00000", "-1.00000", "-0.00000", "-0.00000", "-1.00000", "-0.00000", "-0.00000", "-1.00000", "-0.00000", "-0.00000", "-1.00000", "-0.00000", "-0.00000", "-1.00000", "-0.00000", "-0.00000", "-1.00000", "-0.00000", "-0.00000", "0.00000", "-1.00000", "0.00000", "0.00000", "-1.00000", "0.00000", "0.00000", "-1.00000", "0.00000", "0.00000", "-1.00000", "0.00000", "-0.00000", "0.50000", "0.86603", "-0.00000", "0.50000", "0.86603", "-0.00000", "0.50000", "0.86603", "-0.00000", "0.50000", "0.86603", "0.00000", "0.50000", "-0.86603", "0.00000", "0.50000", "-0.86603", "0.00000", "0.50000", "-0.86603", "0.00000", "0.50000", "-0.86603", "1.00000", "0.00000", "0.00000", "1.00000", "0.00000", "0.00000", "1.00000", "0.00000", "0.00000", "1.00000", "0.00000", "0.00000", "1.00000", "0.00000", "0.00000", "1.00000", "0.00000", "0.00000", "1.00000", "0.00000", "0.00000", "1.00000", "0.00000", "0.00000", "1.00000", "0.00000", "0.00000"], "vertices": ["-10.00000", "5.77350", "-0.00000", "-10.00000", "-0.00000", "-10.00000", "-10.00000", "-0.00000", "10.00000", "-10.00000", "5.77350", "-0.00000", "-10.00000", "-0.00000", "10.00000", "-10.00000", "17.32051", "-0.00000", "-10.00000", "5.77350", "-0.00000", "-10.00000", "17.32051", "-0.00000", "-10.00000", "-0.00000", "-10.00000", "-10.00000", "-0.00000", "-10.00000", "10.00000", "0.00000", "-10.00000", "10.00000", "0.00000", "10.00000", "-10.00000", "-0.00000", "10.00000", "-10.00000", "-0.00000", "10.00000", "10.00000", "0.00000", "10.00000", "10.00000", "17.32051", "-0.00000", "-10.00000", "17.32051", "-0.00000", "-10.00000", "17.32051", "-0.00000", "10.00000", "17.32051", "-0.00000", "10.00000", "0.00000", "-10.00000", "-10.00000", "-0.00000", "-10.00000", "10.00000", "0.00000", "-10.00000", "10.00000", "5.77350", "-0.00000", "10.00000", "0.00000", "10.00000", "10.00000", "0.00000", "10.00000", "10.00000", "5.77350", "-0.00000", "10.00000", "17.32051", "-0.00000", "10.00000", "17.32051", "-0.00000", "10.00000", "5.77350", "-0.00000", "10.00000", "0.00000", "-10.00000"], "textcords": ["0.00000", "0.00000", "1.00000", "0.00000", "1.00000", "1.00000", "0.00000", "0.00000", "1.00000", "0.00000", "1.00000", "1.00000", "1.00000", "1.00000", "0.00000", "1.00000", "0.00000", "0.00000", "0.00000", "0.00000", "1.00000", "0.00000", "1.00000", "1.00000", "0.00000", "1.00000", "0.00000", "0.00000", "1.00000", "0.00000", "1.00000", "1.00000", "0.00000", "1.00000", "1.00000", "1.00000", "0.00000", "1.00000", "0.00000", "0.00000", "1.00000", "0.00000", "0.00000", "0.00000", "1.00000", "1.00000", "0.00000", "1.00000", "0.00000", "0.00000", "1.00000", "1.00000", "0.00000", "1.00000", "1.00000", "1.00000", "0.00000", "0.00000", "1.00000", "0.00000"]}