{"indices": [0, 1, 2, 0, 2, 3, 4, 5, 6, 4, 6, 7, 8, 9, 10, 8, 10, 11, 12, 13, 14, 12, 14, 15, 16, 17, 18, 16, 18, 19, 20, 21, 22, 20, 22, 23], "colors": [0, 0, 0, 0, 0, 0, 0, 0, 0, 0, 0, 0, 0, 0, 0, 0, 0, 0, 0, 0, 0, 0, 0, 0, 0, 0, 0, 0, 0, 0, 0, 0, 0, 0, 0, 0, 0, 0, 0, 0, 0, 0, 0, 0, 0, 0, 0, 0, 0, 0, 0, 0, 0, 0, 0, 0, 0, 0, 0, 0, 0, 0, 0, 0, 0, 0, 0, 0, 0, 0, 0, 0], "normals": ["0.00000", "-1.00000", "-0.00000", "0.00000", "-1.00000", "-0.00000", "0.00000", "-1.00000", "-0.00000", "0.00000", "-1.00000", "-0.00000", "0.00000", "1.00000", "-0.00000", "0.00000", "1.00000", "-0.00000", "0.00000", "1.00000", "-0.00000", "0.00000", "1.00000", "-0.00000", "1.00000", "0.00000", "-0.00000", "1.00000", "0.00000", "-0.00000", "1.00000", "0.00000", "-0.00000", "1.00000", "0.00000", "-0.00000", "0.00000", "0.00000", "1.00000", "0.00000", "0.00000", "1.00000", "0.00000", "0.00000", "1.00000", "0.00000", "0.00000", "1.00000", "-1.00000", "0.00000", "-0.00000", "-1.00000", "0.00000", "-0.00000", "-1.00000", "0.00000", "-0.00000", "-1.00000", "0.00000", "-0.00000", "0.00000", "0.00000", "-1.00000", "0.00000", "0.00000", "-1.00000", "0.00000", "0.00000", "-1.00000", "0.00000", "0.00000", "-1.00000"], "vertices": ["9.96188", "-0.27157", "9.96188", "-9.96188", "-0.27157", "9.96188", "-9.96188", "-0.27157", "-9.96188", "9.96188", "-0.27157", "-9.96188", "-9.96188", "15.96590", "-9.96188", "-9.96188", "15.96590", "9.96188", "9.96187", "15.96590", "9.96189", "9.96188", "15.96590", "-9.96187", "9.96188", "15.96590", "-9.96187", "9.96187", "15.96590", "9.96189", "9.96188", "-0.27157", "9.96188", "9.96188", "-0.27157", "-9.96188", "9.96187", "15.96590", "9.96189", "-9.96188", "15.96590", "9.96188", "-9.96188", "-0.27157", "9.96188", "9.96188", "-0.27157", "9.96188", "-9.96188", "15.96590", "9.96188", "-9.96188", "15.96590", "-9.96188", "-9.96188", "-0.27157", "-9.96188", "-9.96188", "-0.27157", "9.96188", "9.96188", "-0.27157", "-9.96188", "-9.96188", "-0.27157", "-9.96188", "-9.96188", "15.96590", "-9.96188", "9.96188", "15.96590", "-9.96187"], "textcords": ["0.33333", "0.66667", "0.33333", "1.00000", "0.00000", "1.00000", "0.00000", "0.66667", "0.33333", "0.66667", "0.00000", "0.66667", "0.00000", "0.33333", "0.33333", "0.33333", "0.33333", "0.33333", "0.33333", "0.00000", "0.66667", "0.00000", "0.66667", "0.33333", "0.00000", "0.00000", "0.33333", "0.00000", "0.33333", "0.33333", "0.00000", "0.33333", "0.66667", "0.33333", "0.66667", "0.00000", "1.00000", "0.00000", "1.00000", "0.33333", "0.66667", "0.33333", "0.66667", "0.66667", "0.33333", "0.66667", "0.33333", "0.33333"]}